City,Amsterdam,Barcelona,Belgrade,Berlin,Bratislava,Brussels,Bucharest,Budapest,Copenhagen,Edinburgh,Florence,Frankfurt,Geneva,Glasgow,Ljubljana,London,Luxembourg,Madrid,Milan,Munich,Naples,Paris,Prague,Rome,Tirana,Vienna,Warsaw,Zagreb,Zurich,Gothenburg,Seville,Toulouse,Athens,Dublin,Helsinki,Istanbul,Lisbon,Oslo,Riga,Sarajevo,Sofia,Stockholm,Tallinn,Vilnius,Reykjavik,Valletta
Amsterdam,-,63,112,72,124,177,134,131,96,82,118,127,73,98,65,66,169,116,110,122,140,115,76,79,116,124,136,164,151,70,148,73,100,62,154,127,102,100,81,190,252,86,149,164,73,159
Barcelona,63,-,73,45,-,23,79,38,-,39,42,82,24,-,185,12,82,34,17,37,78,35,72,22,27,27,65,116,32,32,147,208,-,17,102,167,35,46,113,118,36,13,42,128,110,40
Belgrade,112,73,-,34,71,169,71,59,94,91,107,66,88,96,80,-,119,120,57,90,504,73,105,25,77,59,139,72,81,105,88,129,92,106,233,84,86,97,176,78,75,94,123,-,262,128
Berlin,72,45,34,-,97,17,96,39,143,62,104,72,62,44,130,31,119,165,33,67,116,77,158,44,34,198,115,150,107,123,98,127,72,75,83,135,66,78,34,117,68,114,102,52,174,87
Bratislava,124,-,71,97,-,11,-,179,120,30,356,124,156,157,-,17,171,174,274,150,26,203,-,110,53,-,-,-,127,143,149,89,53,223,280,83,156,94,-,145,123,122,165,227,368,12
Brussels,177,23,169,17,11,-,78,25,100,24,99,100,46,102,88,-,119,100,92,144,116,131,23,75,31,29,55,19,188,54,17,15,37,13,50,126,62,101,113,-,40,29,99,127,311,53
Bucharest,134,79,71,96,-,78,-,19,27,98,106,64,123,95,86,20,145,41,36,108,40,100,84,22,84,37,178,82,131,32,92,127,31,74,141,53,136,28,127,145,82,87,88,128,276,57
Budapest,131,38,59,39,179,25,19,-,28,78,207,148,168,113,92,48,202,83,23,154,111,134,25,40,12,354,60,90,177,143,123,141,27,168,278,42,115,111,103,151,32,17,116,110,343,84
Copenhagen,96,-,94,143,120,100,27,28,-,36,124,110,52,223,172,73,127,108,57,113,254,68,57,38,172,44,63,136,119,151,129,92,82,101,96,160,140,48,36,127,47,55,68,138,126,173
Edinburgh,82,39,91,62,30,24,98,78,36,-,275,101,108,-,431,18,153,136,107,105,48,121,129,144,277,71,238,127,150,66,191,-,89,33,278,311,197,103,52,273,99,93,165,196,201,182
Florence,118,42,107,104,356,99,106,207,124,275,-,135,168,125,-,-,123,113,190,93,38,100,140,55,22,195,180,149,125,67,336,101,101,106,140,162,144,81,164,136,119,114,131,200,249,189
Frankfurt,127,82,66,72,124,100,64,148,110,101,135,-,122,115,103,31,142,100,91,89,151,73,139,58,113,115,91,13,216,111,103,99,80,44,196,119,134,140,126,105,33,175,184,149,294,214
Geneva,73,24,88,62,156,46,123,168,52,108,168,122,-,96,194,-,232,156,119,95,102,135,42,86,92,261,163,94,98,79,132,119,82,110,204,134,66,73,173,182,149,105,123,176,247,159
Glasgow,98,-,96,44,157,102,95,113,223,-,125,115,96,-,681,60,173,175,110,107,123,99,89,164,328,127,141,106,104,188,105,88,130,28,367,202,-,135,184,203,268,106,384,218,299,294
Ljubljana,65,185,80,130,-,88,86,92,172,431,-,103,194,681,-,-,109,143,114,102,195,82,89,83,86,157,161,-,117,129,122,140,88,665,399,142,138,114,158,106,87,141,137,159,209,197
London,66,12,-,31,17,-,20,48,73,18,-,31,-,60,-,-,44,55,111,-,117,-,49,69,25,55,136,73,-,53,28,13,20,-,66,57,17,147,43,18,77,61,80,135,98,192
Luxembourg,169,82,119,119,171,119,145,202,127,153,123,142,232,173,109,44,-,83,90,89,158,54,136,114,188,157,147,168,196,87,102,97,72,107,164,190,10,73,137,142,177,71,141,125,177,89
Madrid,116,34,120,165,174,100,41,83,108,136,113,100,156,175,143,55,83,-,27,67,80,47,43,43,27,32,64,138,40,48,58,86,81,118,182,114,39,67,103,265,34,65,255,197,182,62
Milan,110,17,57,33,274,92,36,23,57,107,190,91,119,110,114,111,90,27,-,83,33,29,17,366,15,36,-,177,76,36,46,33,22,153,129,136,39,75,68,170,121,98,110,109,42,173
Munich,122,37,90,67,150,144,108,154,113,105,93,89,95,107,102,-,89,67,83,-,104,61,107,101,135,169,108,109,314,106,112,91,85,99,116,34,159,97,103,119,150,145,133,128,341,139
Naples,140,78,504,116,26,116,40,111,254,48,38,151,102,123,195,117,158,80,33,104,-,108,124,57,-,40,111,318,184,28,136,189,103,266,177,181,125,231,165,191,25,192,111,672,342,172
Paris,115,35,73,77,203,131,100,134,68,121,100,73,135,99,82,-,54,47,29,61,108,-,92,103,149,91,106,-,72,111,116,70,64,49,94,120,44,46,100,186,149,85,135,135,95,98
Prague,76,72,105,158,-,23,84,25,57,129,140,139,42,89,89,49,136,43,17,107,124,92,-,50,44,145,308,127,95,108,147,87,82,129,134,94,96,62,317,201,104,72,114,112,200,332
Rome,79,22,25,44,110,75,22,40,38,144,55,58,86,164,83,69,114,43,366,101,57,103,50,-,15,52,44,260,87,34,59,21,49,72,89,49,37,45,84,178,19,44,136,158,353,12
Tirana,116,27,77,34,53,31,84,12,172,277,22,113,92,328,86,25,188,27,15,135,-,149,44,15,-,23,41,103,107,126,134,108,31,525,88,63,351,90,173,183,85,46,182,136,362,134
Vienna,124,27,59,198,-,29,37,354,44,71,195,115,261,127,157,55,157,32,36,169,40,91,145,52,23,-,32,129,117,125,247,119,50,137,41,49,90,69,22,153,26,94,149,110,226,20
Warsaw,136,65,139,115,-,55,178,60,63,238,180,91,163,141,161,136,147,64,-,108,111,106,308,44,41,32,-,152,98,171,86,124,59,109,177,90,67,53,119,117,118,74,136,140,252,75
Zagreb,164,116,72,150,-,19,82,90,136,127,149,13,94,106,-,73,168,138,177,109,318,-,127,260,103,129,152,-,226,129,169,90,89,125,189,75,153,81,179,100,79,118,191,171,398,19
Zurich,151,32,81,107,127,188,131,177,119,150,125,216,98,104,117,-,196,40,76,314,184,72,95,87,107,117,98,226,-,307,153,129,89,92,116,34,57,80,116,116,126,131,137,109,161,69
Gothenburg,70,32,105,123,143,54,32,143,151,66,67,111,79,188,129,53,87,48,36,106,28,111,108,34,126,125,171,129,307,-,-,93,92,59,222,144,101,106,173,184,141,167,264,175,518,274
Seville,148,147,88,98,149,17,92,123,129,191,336,103,132,105,122,28,102,58,46,112,136,116,147,59,134,247,86,169,153,-,-,100,94,120,170,158,50,97,193,146,164,126,188,141,375,14
Toulouse,73,208,129,127,89,15,127,141,92,-,101,99,119,88,140,13,97,86,33,91,189,70,87,21,108,119,124,90,129,93,100,-,92,110,135,258,49,88,160,127,120,97,158,123,182,12
Athens,100,-,92,72,53,37,31,27,82,89,101,80,82,130,88,20,72,81,22,85,103,64,82,49,31,50,59,89,89,92,94,92,-,62,138,67,160,90,165,83,48,100,124,163,184,24
Dublin,62,17,106,75,223,13,74,168,101,33,106,44,110,28,665,-,107,118,153,99,266,49,129,72,525,137,109,125,92,59,120,110,62,-,99,377,41,100,154,190,384,155,179,150,127,142
Helsinki,154,102,233,83,280,50,141,278,96,278,140,196,204,367,399,66,164,182,129,116,177,94,134,89,88,41,177,189,116,222,170,135,138,99,-,144,174,74,49,407,274,58,125,183,143,373
Istanbul,127,167,84,135,83,126,53,42,160,311,162,119,134,202,142,57,190,114,136,34,181,120,94,49,63,49,90,75,34,144,158,258,67,377,144,-,85,76,242,40,44,67,286,175,-,175
Lisbon,102,35,86,66,156,62,136,115,140,197,144,134,66,-,138,17,10,39,39,159,125,44,96,37,351,90,67,153,57,101,50,49,160,41,174,85,-,95,133,379,161,94,144,158,197,160
Oslo,100,46,97,78,94,101,28,111,48,103,81,140,73,135,114,147,73,67,75,97,231,46,62,45,90,69,53,81,80,106,97,88,90,100,74,76,95,-,27,177,112,42,53,109,-,171
Riga,81,113,176,34,-,113,127,103,36,52,164,126,173,184,158,43,137,103,68,103,165,100,317,84,173,22,119,179,116,173,193,160,165,154,49,242,133,27,-,213,163,14,46,42,335,179
Sarajevo,190,118,78,117,145,-,145,151,127,273,136,105,182,203,106,18,142,265,170,119,191,186,201,178,183,153,117,100,116,184,146,127,83,190,407,40,379,177,213,-,93,117,116,161,506,226
Sofia,252,36,75,68,123,40,82,32,47,99,119,33,149,268,87,77,177,34,121,150,25,149,104,19,85,26,118,79,126,141,164,120,48,384,274,44,161,112,163,93,-,112,110,132,450,198
Stockholm,86,13,94,114,122,29,87,17,55,93,114,175,105,106,141,61,71,65,98,145,192,85,72,44,46,94,74,118,131,167,126,97,100,155,58,67,94,42,14,117,112,-,21,113,203,22
Tallinn,149,42,123,102,165,99,88,116,68,165,131,184,123,384,137,80,141,255,110,133,111,135,114,136,182,149,136,191,137,264,188,158,124,179,125,286,144,53,46,116,110,21,-,65,217,161
Vilnius,164,128,-,52,227,127,128,110,138,196,200,149,176,218,159,135,125,197,109,128,672,135,112,158,136,110,140,171,109,175,141,123,163,150,183,175,158,109,42,161,132,113,65,-,162,35
Reykjavik,73,110,262,174,368,311,276,343,126,201,249,294,247,299,209,98,177,182,42,341,342,95,200,353,362,226,252,398,161,518,375,182,184,127,143,-,197,-,335,506,450,203,217,162,-,403
Valletta,159,40,128,87,12,53,57,84,173,182,189,214,159,294,197,192,89,62,173,139,172,98,332,12,134,20,75,19,69,274,14,12,24,142,373,175,160,171,179,226,198,22,161,35,403,-
